<?xml version="1.0"?>
<data grt_format="2.0">
  <value _ptr_="0000017B1EF0A750" type="list" content-type="object" content-struct-name="db.mgmt.Connection">
    <value type="object" struct-name="db.mgmt.Connection" id="{32A6E910-1DE4-45B5-B068-C7C3B9C18C18}" struct-checksum="0x96ba47d8">
      <link type="object" struct-name="db.mgmt.Driver" key="driver">com.mysql.rdbms.mysql.driver.native</link>
      <value type="string" key="hostIdentifier">Mysql@localhost:3306</value>
      <value type="int" key="isDefault">1</value>
      <value _ptr_="0000017B24848CC0" type="dict" key="modules"/>
      <value _ptr_="0000017B24849B60" type="dict" key="parameterValues">
        <value type="string" key="DbSqlEditor:LastDefaultSchema">bamazon_db</value>
        <value type="int" key="OPT_READ_TIMEOUT">300</value>
        <value type="string" key="SQL_MODE"></value>
        <value type="string" key="hostName">localhost</value>
        <value type="int" key="lastConnected">1503993033</value>
        <value type="string" key="password"></value>
        <value type="int" key="port">3306</value>
        <value type="string" key="schema"></value>
        <value type="string" key="serverVersion">5.7.19-log</value>
        <value type="string" key="sslCA"></value>
        <value type="string" key="sslCert"></value>
        <value type="string" key="sslCipher"></value>
        <value type="string" key="sslKey"></value>
        <value type="int" key="useSSL">1</value>
        <value type="string" key="userName">root</value>
      </value>
      <value type="string" key="name">Local instance MySQL57</value>
      <link type="object" struct-name="GrtObject" key="owner">{A1CA9F81-4952-462D-8B48-B38B68A853AC}</link>
    </value>
  </value>
</data>
